Service Type,Operator Name,KwikAPI Operator ID,Account Number,Amount (INR),Transaction Date,KwikAPI Transaction ID,Status,Transaction ID
PREPAID,Jio Prepaid,8,8446734236,349.00,2026-02-06 13:56:44,12035046,SUCCESS,19261a0f-ddb0-45d4-aa87-73e4efc46807
PREPAID,VI,3,9922761024,199.00,2026-02-06 08:58:03,12034775,SUCCESS,ce737f90-7b57-4249-923f-7ca7a82d8f1c
PREPAID,Jio Prepaid,8,8308095007,299.00,2026-02-04 11:06:44,12033725,SUCCESS,cd137761-a21c-426a-aefd-7ce874b828cf
PREPAID,Airtel Prepaid,1,7276482837,199.00,2026-02-01 07:38:02,12032198,SUCCESS,1f3a8971-05e0-4a9b-a7a4-dc24ebf1b852
PREPAID,Airtel Prepaid,1,7087707804,199.00,2026-01-16 07:45:34,12023939,SUCCESS,caafa8ce-ba47-4aca-b2bd-40e25f3d773b
DTH,TATA SKY DTH,27,1543469330,308.00,2026-01-22 14:53:23,12027509,SUCCESS,cf3b8a79-a7f9-4ab9-9123-a57d002412e5
ELECTRICITY,MSEDC MAHARASHTRA,76,9819399470,1470.00,2026-02-07 08:02:49,,SUCCESS,ec0d6944-c907-45a0-97c6-a48e246082b4
ELECTRICITY,MSEDC MAHARASHTRA,76,9960360750,450.00,2026-02-04 04:35:09,,SUCCESS,118c1a61-32e8-4498-aeb6-ca54ddf59fff
ELECTRICITY,MSEDC MAHARASHTRA,76,9819399470,1470.00,2026-01-30 18:20:31,,SUCCESS,7a372098-b4ea-4fdc-86ed-77939b186097
